<?xml version="1.0"?>
<doc>
    <assembly>
        <name>DigitalPlatform.MarcQuery</name>
    </assembly>
    <members>
        <member name="T:DigitalPlatform.Marc.MarcNavigator">
            <summary>
            Provides a cursor model for navigating and editing MARC data.
            </summary>
        </member>
        <member name="M:DigitalPlatform.Marc.MarcNavigator.#ctor(DigitalPlatform.Marc.MarcNode)">
            <summary>
            初始化一个 MarcNavigator 类的实例。
            </summary>
            <param name="node">出发点的 MarcNode 对象</param>
        </member>
        <member name="M:DigitalPlatform.Marc.MarcNavigator.#ctor(DigitalPlatform.Marc.NaviItem)">
            <summary>
            初始化一个 MarcNavigator 类的实例。
            </summary>
            <param name="item">出发点的 NaviItem 对象</param>
        </member>
        <member name="M:DigitalPlatform.Marc.MarcNavigator.#ctor(DigitalPlatform.Marc.MarcNavigator)">
            <summary>
            初始化一个 MarcNavigator 类的实例。
            </summary>
            <param name="navigator">参考的 MarcNavigator 对象</param>
        </member>
        <member name="P:DigitalPlatform.Marc.MarcNavigator.Item">
            <summary>
            当前节点，代表当前光标位置
            </summary>
        </member>
        <member name="P:DigitalPlatform.Marc.MarcNavigator.NodeType">
            <summary>
            当前节点的 XPathNodeType 类型
            </summary>
        </member>
        <member name="P:DigitalPlatform.Marc.MarcNavigator.LocalName">
            <summary>
            获得当前节点的不包括名字空间前缀的名字
            </summary>
        </member>
        <member name="P:DigitalPlatform.Marc.MarcNavigator.Name">
            <summary>
            获得当前节点的 qualified 名字，也就是包含名字空间前缀的名字
            </summary>
        </member>
        <member name="P:DigitalPlatform.Marc.MarcNavigator.NamespaceURI">
            <summary>
            获得当前节点的名字空间 URI
            </summary>
        </member>
        <member name="P:DigitalPlatform.Marc.MarcNavigator.Prefix">
            <summary>
            获得当前节点所关联的名字空间前缀
            </summary>
        </member>
        <member name="P:DigitalPlatform.Marc.MarcNavigator.Value">
            <summary>
            获得当前节点的字符串值
            </summary>
        </member>
        <member name="P:DigitalPlatform.Marc.MarcNavigator.BaseURI">
            <summary>
            获得当前节点的 base URI
            </summary>
        </member>
        <member name="P:DigitalPlatform.Marc.MarcNavigator.IsEmptyElement">
            <summary>
            当前节点是否为一个没有结束标记的空元素
            </summary>
        </member>
        <member name="P:DigitalPlatform.Marc.MarcNavigator.NameTable">
            <summary>
            获得 MarcNavigator 的 XmlNameTable
            </summary>
        </member>
        <member name="M:DigitalPlatform.Marc.MarcNavigator.MoveToFirstAttribute">
            <summary>
            移动到第一个属性节点
            </summary>
            <returns>如果移动成功，返回 true；否则返回 false。当返回 false 时，表示当前位置没有发生变动。</returns>
        </member>
        <member name="M:DigitalPlatform.Marc.MarcNavigator.MoveToNextAttribute">
            <summary>
            移动到下一个属性节点
            </summary>
            <returns>如果移动成功，返回 true；否则返回 false。当返回 false 时，表示当前位置没有发生变动。</returns>
        </member>
        <member name="M:DigitalPlatform.Marc.MarcNavigator.MoveToId(System.String)">
            <summary>
            移动到一个 ID 匹配要求值的属性节点
            </summary>
            <param name="id">想要移动到达的节点的 ID 值</param>
            <returns>如果移动成功，返回 true；否则返回 false。当返回 false 时，表示当前位置没有发生变动。</returns>
        </member>
        <member name="M:DigitalPlatform.Marc.MarcNavigator.MoveToFirstNamespace(System.Xml.XPath.XPathNamespaceScope)">
            <summary>
            移动到当前节点的第一个名字空间节点
            </summary>
            <param name="namespaceScope">一个表示名字空间 scope 的 XPathNamespaceScope 值</param>
            <returns>如果移动成功，返回 true；否则返回 false。当返回 false 时，表示当前位置没有发生变动。</returns>
        </member>
        <member name="M:DigitalPlatform.Marc.MarcNavigator.MoveToNextNamespace(System.Xml.XPath.XPathNamespaceScope)">
            <summary>
            移动到下一个名字空间节点
            </summary>
            <param name="namespaceScope">一个表示名字空间 scope 的 XPathNamespaceScope 值</param>
            <returns>如果移动成功，返回 true；否则返回 false。当返回 false 时，表示当前位置没有发生变动。</returns>
        </member>
        <member name="M:DigitalPlatform.Marc.MarcNavigator.MoveToParent">
            <summary>
            移动到当前节点的父节点
            </summary>
            <returns>如果移动成功，返回 true；否则返回 false。当返回 false 时，表示当前位置没有发生变动。</returns>
        </member>
        <member name="M:DigitalPlatform.Marc.MarcNavigator.MoveToFirstChild">
            <summary>
            移动到当前节点的第一个子节点
            </summary>
            <returns>如果移动成功，返回 true；否则返回 false。当返回 false 时，表示当前位置没有发生变动。</returns>
        </member>
        <member name="M:DigitalPlatform.Marc.MarcNavigator.MoveToPrevious">
            <summary>
            移动到当前节点的前一个兄弟节点
            </summary>
            <returns>如果移动成功，返回 true；否则返回 false。当返回 false 时，表示当前位置没有发生变动。</returns>
        </member>
        <member name="M:DigitalPlatform.Marc.MarcNavigator.MoveToNext">
            <summary>
            移动到当前节点的下一个兄弟节点
            </summary>
            <returns>如果移动成功，返回 true；否则返回 false。当返回 false 时，表示当前位置没有发生变动。</returns>
        </member>
        <member name="M:DigitalPlatform.Marc.MarcNavigator.Clone">
            <summary>
            创建一个新的，和当前对象当前位置一样的 MarcNavigator 对象
            </summary>
            <returns>新的 MarcNavigator 对象</returns>
        </member>
        <member name="M:DigitalPlatform.Marc.MarcNavigator.MoveTo(System.Xml.XPath.XPathNavigator)">
            <summary>
            移动当前位置到和指定的 XPathNavigator 对象一样的位置
            </summary>
            <param name="other">参考的 XPathNavigator 对象</param>
            <returns>如果移动成功，返回 true；否则返回 false。当返回 false 时，表示当前位置没有发生变动。</returns>
        </member>
        <member name="M:DigitalPlatform.Marc.MarcNavigator.IsSamePosition(System.Xml.XPath.XPathNavigator)">
            <summary>
            检测当前对象的位置和指定的 XPathNavigator 对象的位置是否相同
            </summary>
            <param name="other">要对比的 XPathNavigator 对象</param>
            <returns>是否相同。true表示相同，false表示不相同</returns>
        </member>
        <member name="T:DigitalPlatform.Marc.MarcNode">
            <summary>
            MARC 基本节点
            </summary>
        </member>
        <member name="F:DigitalPlatform.Marc.MarcNode.Parent">
            <summary>
            父节点
            </summary>
        </member>
        <member name="F:DigitalPlatform.Marc.MarcNode.NodeType">
            <summary>
            节点类型
            </summary>
        </member>
        <member name="F:DigitalPlatform.Marc.MarcNode.ChildNodes">
            <summary>
            子节点集合
            </summary>
        </member>
        <member name="M:DigitalPlatform.Marc.MarcNode.#ctor">
            <summary>
            初始化一个 MarcNode 对象
            </summary>
        </member>
        <member name="M:DigitalPlatform.Marc.MarcNode.#ctor(DigitalPlatform.Marc.MarcNode)">
            <summary>
            初始化一个 MarcNode对象，并设置好其 Parent 成员
            </summary>
            <param name="parent">上级 MarcNode 对象</param>
        </member>
        <member name="P:DigitalPlatform.Marc.MarcNode.Name">
            <summary>
            节点的名字
            </summary>
        </member>
        <member name="P:DigitalPlatform.Marc.MarcNode.Indicator">
            <summary>
            节点的指示符
            </summary>
        </member>
        <member name="P:DigitalPlatform.Marc.MarcNode.Indicator1">
            <summary>
            指示符的第一个字符
            </summary>
        </member>
        <member name="P:DigitalPlatform.Marc.MarcNode.Indicator2">
            <summary>
            指示符的第二个字符
            </summary>
        </member>
        <member name="P:DigitalPlatform.Marc.MarcNode.Content">
            <summary>
            节点的正文内容
            </summary>
        </member>
        <member name="P:DigitalPlatform.Marc.MarcNode.Text">
            <summary>
            节点的全部文字，MARC 机内格式表现形态
            </summary>
        </member>
        <member name="M:DigitalPlatform.Marc.MarcNode.clone">
            <summary>
            创建一个新的节点对象，从当前对象复制出全部内容
            </summary>
            <returns>新的节点对象</returns>
        </member>
        <member name="M:DigitalPlatform.Marc.MarcNode.isControlFieldName(System.String)">
            <summary>
            检测一个字段名是否为控制字段(的字段名)
            </summary>
            <param name="strFieldName">要检测的字段名</param>
            <returns>true表示是控制字段，false表示不是控制字段</returns>
        </member>
        <member name="M:DigitalPlatform.Marc.MarcNode.dumpChildren">
            <summary>
            输出当前对象的全部子对象的调试用字符串
            </summary>
            <returns>表示内容的字符串</returns>
        </member>
        <member name="M:DigitalPlatform.Marc.MarcNode.dump">
            <summary>
            输出当前对象的调试用字符串
            </summary>
            <returns>表示内容的字符串</returns>
        </member>
        <member name="M:DigitalPlatform.Marc.MarcNode.getRootNode">
            <summary>
            获得根节点
            </summary>
            <returns>根节点</returns>
        </member>
        <member name="P:DigitalPlatform.Marc.MarcNode.Root">
            <summary>
            根节点
            </summary>
        </member>
        <member name="M:DigitalPlatform.Marc.MarcNode.getPath">
            <summary>
            获得表示当前对象的位置的路径。用于比较节点之间的位置关系
            </summary>
            <returns>路径字符串</returns>
        </member>
        <member name="P:DigitalPlatform.Marc.MarcNode.isEmpty">
            <summary>
            检测节点内容是否为空
            </summary>
        </member>
        <member name="M:DigitalPlatform.Marc.MarcNode.detach">
            <summary>
            将当前节点从父节点摘除。但依然保留对当前节点对下级的拥有关系
            </summary>
            <returns>已经被摘除的当前节点</returns>
        </member>
        <member name="M:DigitalPlatform.Marc.MarcNode.before(DigitalPlatform.Marc.MarcNode)">
            <summary>
            将指定节点插入到当前节点的前面兄弟位置
            </summary>
            <param name="source">要插入的节点</param>
            <returns>当前节点</returns>
        </member>
        <member name="M:DigitalPlatform.Marc.MarcNode.after(DigitalPlatform.Marc.MarcNode)">
            <summary>
            将指定节点插入到当前节点的后面兄弟位置
            </summary>
            <param name="source">要插入的节点</param>
            <returns>当前节点</returns>
        </member>
        <member name="M:DigitalPlatform.Marc.MarcNode.after(System.String)">
            <summary>
            用指定的字符串构造出新的节点，插入到当前节点的后面兄弟位置
            </summary>
            <param name="strText">用于构造新节点的字符串</param>
            <returns>当前节点</returns>
        </member>
        <member name="M:DigitalPlatform.Marc.MarcNode.append(DigitalPlatform.Marc.MarcNode)">
            <summary>
            将指定节点追加到当前节点的子节点尾部
            </summary>
            <param name="source">要追加的节点</param>
            <returns>当前节点</returns>
        </member>
        <member name="M:DigitalPlatform.Marc.MarcNode.append(System.String)">
            <summary>
            用指定的字符串构造出新的节点，追加到当前节点的子节点末尾
            </summary>
            <param name="strText">用于构造新节点的字符串</param>
            <returns>当前节点</returns>
        </member>
        <member name="M:DigitalPlatform.Marc.MarcNode.appendTo(DigitalPlatform.Marc.MarcNode)">
            <summary>
            将当前节点追加到指定(目标)节点的子节点末尾
            </summary>
            <param name="target">目标节点</param>
            <returns>当前节点</returns>
        </member>
        <member name="M:DigitalPlatform.Marc.MarcNode.prepend(DigitalPlatform.Marc.MarcNode)">
            <summary>
            将指定的(源)节点插入到当前节点的子节点开头位置
            </summary>
            <param name="source">源节点</param>
            <returns>当前节点</returns>
        </member>
        <member name="M:DigitalPlatform.Marc.MarcNode.prepend(System.String)">
            <summary>
            用指定的字符串构造出新节点，插入到当前节点的子节点开头
            </summary>
            <param name="strText">用于构造新节点的字符串</param>
            <returns>当前节点</returns>
        </member>
        <member name="M:DigitalPlatform.Marc.MarcNode.prependTo(DigitalPlatform.Marc.MarcNode)">
            <summary>
            将当前节点插入到指定的(目标)节点的子节点的开头
            </summary>
            <param name="target">目标节点</param>
            <returns>当前节点</returns>
        </member>
        <member name="M:DigitalPlatform.Marc.MarcNode.select(System.String,System.Int32)">
            <summary>
            用 XPath 字符串选择节点
            </summary>
            <param name="strXPath">XPath 字符串</param>
            <param name="nMaxCount">限制命中的最多节点数。-1表示不限制</param>
            <returns>被选中的节点集合</returns>
        </member>
        <member name="M:DigitalPlatform.Marc.MarcNode.remove">
            <summary>
            从父节点(的子节点集合中)将当前节点移走。注意，本操作并不修改当前节点的 Parent 成员，也就是说 Parent 成员依然指向父节点
            </summary>
            <returns>当前节点</returns>
        </member>
        <member name="P:DigitalPlatform.Marc.MarcNode.FirstChild">
            <summary>
            当前节点的第一个子节点
            </summary>
        </member>
        <member name="P:DigitalPlatform.Marc.MarcNode.LastChild">
            <summary>
            当前节点的最后一个子节点
            </summary>
        </member>
        <member name="T:DigitalPlatform.Marc.MarcRecord">
            <summary>
            MARC 记录节点
            </summary>
        </member>
        <member name="F:DigitalPlatform.Marc.MarcRecord.Header">
            <summary>
            MARC记录的头标区，一共24个字符
            </summary>
        </member>
        <member name="P:DigitalPlatform.Marc.MarcRecord.OuterFieldDef">
            <summary>
            嵌套字段的定义。
            缺省为 空，表示不使用嵌套字段。
            这是一个列举字段名的逗号间隔的列表('*'为通配符)，或者 '@' 字符后面携带一个正则表达式
            </summary>
        </member>
        <member name="M:DigitalPlatform.Marc.MarcRecord.#ctor">
            <summary>
            初始化一个 MarcRecord 对象
            </summary>
        </member>
        <member name="M:DigitalPlatform.Marc.MarcRecord.#ctor(System.String,System.String)">
            <summary>
            初始化一个 MarcRecord 对象，并根据指定的字符串设置好全部内容
            </summary>
            <param name="strRecord">表示一条完整的 MARC 记录的 MARC 机内格式字符串</param>
            <param name="strOuterFieldDef">嵌套字段的定义。缺省为 null，表示不使用嵌套字段。这是一个列举字段名的逗号间隔的列表('*'为通配符)，或者 '@' 字符后面携带一个正则表达式</param>
        </member>
        <member name="P:DigitalPlatform.Marc.MarcRecord.Text">
            <summary>
            当前节点的全部文字。表现了一条完整的 MARC 记录
            </summary>
        </member>
        <member name="P:DigitalPlatform.Marc.MarcRecord.Content">
            <summary>
            当前节点的正文内容。对于 MarcRoecrd 节点来说，它等同于 Text 成员值
            </summary>
        </member>
        <member name="P:DigitalPlatform.Marc.MarcRecord.Fields">
            <summary>
            当前节点下属的全部字段节点。本属性相当于 CHildNodes 的别名
            </summary>
        </member>
        <member name="M:DigitalPlatform.Marc.MarcRecord.add(DigitalPlatform.Marc.MarcField)">
            <summary>
            在下级节点末尾追加一个字段节点
            </summary>
            <param name="field">字段节点</param>
        </member>
        <member name="M:DigitalPlatform.Marc.MarcRecord.setFirstField(System.String,System.String,System.String,System.String)">
            <summary>
            设置指定名字的第一个字段的指示符和内容。如果没有这个字段，则创建一个
            </summary>
            <param name="strFieldName">字段名。3字符</param>
            <param name="strIndicator">要设置的指示符。如果不想修改指定字段的指示符，则可以将本参数设置为 null；否则应当是一个 2 字符的字符串。如果要操作的字段是控制字段，则本参数不会被使用，可设置为 null</param>
            <param name="strContent">要设置的字段内容。如果是非控制字段，本参数中一般需要按照 MARC 格式要求包含子字段符号(MarcQuery.SUBFLD)，以指定子字段名等</param>
            <param name="strNewIndicator">如果指定的字段不存在，则需要创建，创建的时候将采用本参数作为字段指示符的值。控制字段(因为没有指示符所以)不使用本参数。如果本参数设置为 null，但函数执行过程中确实遇到了需要创建新字段的情况，则函数会自动采用两个空格作为新字段的指示符</param>
        </member>
        <member name="M:DigitalPlatform.Marc.MarcRecord.setFirstSubfield(System.String,System.String,System.String,System.String)">
            <summary>
            设置指定名字的第一个字段和第一个子字段的值。如果没有这个字段，则创建一个；如果没有这个子字段，则创建一个
            </summary>
            <param name="strFieldName">字段名。3字符</param>
            <param name="strSubfieldName">子字段名。1字符</param>
            <param name="strContent">要设置的子字段内容</param>
            <param name="strNewIndicator">如果指定的字段不存在，则需要创建，创建的时候将采用本参数作为字段指示符的值</param>
        </member>
        <member name="M:DigitalPlatform.Marc.MarcRecord.dumpChildren">
            <summary>
            输出当前对象的全部子对象的调试用字符串
            </summary>
            <returns>表示内容的字符串</returns>
        </member>
        <member name="M:DigitalPlatform.Marc.MarcRecord.dump">
            <summary>
            输出当前对象的调试用字符串
            </summary>
            <returns>表示内容的字符串</returns>
        </member>
        <member name="M:DigitalPlatform.Marc.MarcRecord.clone">
            <summary>
            创建一个新的 MarcRecord 节点对象，从当前对象复制出全部内容和下级节点
            </summary>
            <returns>新的节点对象</returns>
        </member>
        <member name="T:DigitalPlatform.Marc.MarcOuterField">
            <summary>
            MARC 外围字段节点
            </summary>
        </member>
        <member name="M:DigitalPlatform.Marc.MarcOuterField.#ctor">
            <summary>
            初始化一个 MarcOuterField 对象
            </summary>
        </member>
        <member name="M:DigitalPlatform.Marc.MarcOuterField.#ctor(System.String)">
            <summary>
            初始化一个 MarcOuterField 对象，并根据指定的字符串设置好全部内容
            </summary>
            <param name="strText">表示一个完整的 MARC 字段的 MARC 机内格式字符串</param>
        </member>
        <member name="M:DigitalPlatform.Marc.MarcOuterField.#ctor(System.String,System.String,System.String)">
            <summary>
            初始化一个 MarcOuterField 对象，并根据指定的字符串设置好全部内容
            </summary>
            <param name="strName">字段名。3字符的字符串</param>
            <param name="strIndicator">字段指示符。为2字符的字符串，或者空字符串</param>
            <param name="strContent">字段正文</param>
        </member>
        <member name="M:DigitalPlatform.Marc.MarcOuterField.#ctor(System.String,System.String,System.Collections.Generic.List{System.String})">
            <summary>
            初始化一个 MarcOuterField 对象，并根据指定的字符串设置好全部内容和下级对象
            </summary>
            <param name="strName">字段名。3字符的字符串</param>
            <param name="strIndicator">字段指示符。为2字符的字符串，或者空字符串</param>
            <param name="fields">表示若干内嵌字段的字符串数组。每个字符串开始就是字段名</param>
        </member>
        <member name="M:DigitalPlatform.Marc.MarcOuterField.#ctor(System.String,System.String,System.String[])">
            <summary>
            初始化一个 MarcOuterField 对象，并根据指定的字符串设置好全部内容和下级对象
            </summary>
            <param name="strName">字段名。3字符的字符串</param>
            <param name="strIndicator">字段指示符。为2字符的字符串，或者空字符串</param>
            <param name="fields">表示若干内嵌字段的字符串数组。每个字符串开始就是字段名</param>
        </member>
        <member name="M:DigitalPlatform.Marc.MarcOuterField.#ctor(System.Char,System.String)">
            <summary>
            初始化一个 MarcOuterField 对象，并根据指定的字符串设置好全部内容
            </summary>
            <param name="chSubfield">子字段符号的代用字符。在 strText 参数中可以用这个代用字符来表示子字段符号 (ASCII 31)</param>
            <param name="strText">表示一个完整的 MARC 字段的 MARC 机内格式字符串</param>
        </member>
        <member name="P:DigitalPlatform.Marc.MarcOuterField.Text">
            <summary>
            当前节点的全部文字。表现了一个完整的 MARC 外围字段
            </summary>
        </member>
        <member name="P:DigitalPlatform.Marc.MarcOuterField.Content">
            <summary>
            字段正文。即字段指示符以后的全部内容
            </summary>
        </member>
        <member name="T:DigitalPlatform.Marc.MarcInnerField">
            <summary>
            MARC 内嵌字段节点
            </summary>
        </member>
        <member name="M:DigitalPlatform.Marc.MarcInnerField.#ctor">
            <summary>
            初始化一个 MarcInnerField 对象
            </summary>
        </member>
        <member name="M:DigitalPlatform.Marc.MarcInnerField.#ctor(System.String)">
            <summary>
            初始化一个 MarcInnerField 对象，并根据指定的字符串设置好全部内容
            </summary>
            <param name="strText">表示一个完整的 MARC 字段的 MARC 机内格式字符串</param>
        </member>
        <member name="M:DigitalPlatform.Marc.MarcInnerField.#ctor(System.String,System.String,System.String)">
            <summary>
            初始化一个 MarcInnerField 对象，并根据指定的字符串设置好全部内容
            </summary>
            <param name="strName">字段名。3字符的字符串</param>
            <param name="strIndicator">字段指示符。为2字符的字符串，或者空字符串</param>
            <param name="strContent">字段正文</param>
        </member>
        <member name="M:DigitalPlatform.Marc.MarcInnerField.#ctor(System.String,System.String,System.Collections.Generic.List{System.String})">
            <summary>
            初始化一个 MarcInnerField 对象，并根据指定的字符串设置好全部内容和下级对象
            </summary>
            <param name="strName">字段名。3字符的字符串</param>
            <param name="strIndicator">字段指示符。为2字符的字符串，或者空字符串</param>
            <param name="subfields">表示若干子字段的字符串数组。每个字符串的第一字符为子字段名，其余为子字段内容</param>
        </member>
        <member name="M:DigitalPlatform.Marc.MarcInnerField.#ctor(System.String,System.String,System.String[])">
            <summary>
            初始化一个 MarcInnerField 对象，并根据指定的字符串设置好全部内容和下级对象
            </summary>
            <param name="strName">字段名。3字符的字符串</param>
            <param name="strIndicator">字段指示符。为2字符的字符串，或者空字符串</param>
            <param name="subfields">表示若干子字段的字符串数组。每个字符串的第一字符为子字段名，其余为子字段内容</param>
        </member>
        <member name="M:DigitalPlatform.Marc.MarcInnerField.#ctor(System.Char,System.String)">
            <summary>
            初始化一个 MarcInnerField 对象，并根据指定的字符串设置好全部内容
            </summary>
            <param name="chSubfield">子字段符号的代用字符。在 strText 参数中可以用这个代用字符来表示子字段符号 (ASCII 31)</param>
            <param name="strText">表示一个完整的 MARC 字段的 MARC 机内格式字符串</param>
        </member>
        <member name="P:DigitalPlatform.Marc.MarcInnerField.Text">
            <summary>
            当前节点的全部文字。表现了一个完整的 MARC 内嵌字段
            </summary>
        </member>
        <member name="M:DigitalPlatform.Marc.MarcInnerField.dump">
            <summary>
            输出当前对象的调试用字符串
            </summary>
            <returns>表示内容的字符串</returns>
        </member>
        <member name="T:DigitalPlatform.Marc.MarcField">
            <summary>
            MARC 字段节点
            </summary>
        </member>
        <member name="P:DigitalPlatform.Marc.MarcField.DefaultFieldName">
            <summary>
            缺省的字段名。当没有指定字段名的时候，会自动用这个值来填充
            </summary>
        </member>
        <member name="P:DigitalPlatform.Marc.MarcField.DefaultIndicator">
            <summary>
            缺省的字段指示符值。当没有明确指定指示符值的时候，会自动用这个值来填充
            </summary>
        </member>
        <member name="M:DigitalPlatform.Marc.MarcField.#ctor">
            <summary>
            初始化一个 MarcField 对象
            </summary>
        </member>
        <member name="M:DigitalPlatform.Marc.MarcField.#ctor(System.String)">
            <summary>
            初始化一个 MarcField 对象，并根据指定的字符串设置好全部内容
            </summary>
            <param name="strText">表示一个完整的 MARC 字段的 MARC 机内格式字符串</param>
        </member>
        <member name="M:DigitalPlatform.Marc.MarcField.#ctor(System.String,System.String,System.String)">
            <summary>
            初始化一个 MarcField 对象，并根据指定的字符串设置好全部内容
            </summary>
            <param name="strName">字段名。3字符的字符串</param>
            <param name="strIndicator">字段指示符。为2字符的字符串，或者空字符串</param>
            <param name="strContent">字段正文</param>
        </member>
        <member name="M:DigitalPlatform.Marc.MarcField.#ctor(System.String,System.String,System.Collections.Generic.List{System.String})">
            <summary>
            初始化一个 MarcField 对象，并根据指定的字符串设置好全部内容和下级对象
            </summary>
            <param name="strName">字段名。3字符的字符串</param>
            <param name="strIndicator">字段指示符。为2字符的字符串，或者空字符串</param>
            <param name="subfields">表示若干子字段的字符串数组。每个字符串的第一字符为子字段名，其余为子字段内容</param>
        </member>
        <member name="M:DigitalPlatform.Marc.MarcField.#ctor(System.String,System.String,System.String[])">
            <summary>
            初始化一个 MarcField 对象，并根据指定的字符串设置好全部内容和下级对象
            </summary>
            <param name="strName">字段名。3字符的字符串</param>
            <param name="strIndicator">字段指示符。为2字符的字符串，或者空字符串</param>
            <param name="subfields">表示若干子字段的字符串数组。每个字符串的第一字符为子字段名，其余为子字段内容</param>
        </member>
        <member name="M:DigitalPlatform.Marc.MarcField.#ctor(System.Char,System.String)">
            <summary>
            初始化一个 MarcField 对象，并根据指定的字符串设置好全部内容
            </summary>
            <param name="chSubfield">子字段符号的代用字符。在 strText 参数中可以用这个代用字符来表示子字段符号 (ASCII 31)</param>
            <param name="strText">表示一个完整的 MARC 字段的 MARC 机内格式字符串</param>
        </member>
        <member name="P:DigitalPlatform.Marc.MarcField.Text">
            <summary>
            当前节点的全部文字。表现了一个完整的 MARC 字段
            </summary>
        </member>
        <member name="P:DigitalPlatform.Marc.MarcField.Name">
            <summary>
            字段名
            </summary>
        </member>
        <member name="P:DigitalPlatform.Marc.MarcField.Content">
            <summary>
            字段正文。即字段指示符以后的全部内容
            </summary>
        </member>
        <member name="P:DigitalPlatform.Marc.MarcField.Leading">
            <summary>
            字段正文前导字符串。字段指示符以后，第一个子字段符号以前的一段特殊内容。控制字段不具备这个部分
            </summary>
        </member>
        <member name="P:DigitalPlatform.Marc.MarcField.Indicator1">
            <summary>
            字段指示符的第一个字符
            </summary>
        </member>
        <member name="P:DigitalPlatform.Marc.MarcField.Indicator2">
            <summary>
            字段指示符的第二个字符
            </summary>
        </member>
        <member name="P:DigitalPlatform.Marc.MarcField.IsControlField">
            <summary>
            当前字段节点是否为控制字段
            </summary>
        </member>
        <member name="P:DigitalPlatform.Marc.MarcField.Subfields">
            <summary>
            当前字段节点的下级节点集合。相当于 ChildNodes 的别名
            </summary>
        </member>
        <member name="M:DigitalPlatform.Marc.MarcField.add(DigitalPlatform.Marc.MarcSubfield)">
            <summary>
            在下级节点末尾追加一个子字段节点
            </summary>
            <param name="subfield">字段节点</param>
        </member>
        <member name="M:DigitalPlatform.Marc.MarcField.dump">
            <summary>
            输出当前对象的调试用字符串
            </summary>
            <returns>表示内容的字符串</returns>
        </member>
        <member name="M:DigitalPlatform.Marc.MarcField.clone">
            <summary>
            创建一个新的 MarcField 节点对象，从当前对象复制出全部内容和下级节点
            </summary>
            <returns>新的节点对象</returns>
        </member>
        <member name="T:DigitalPlatform.Marc.MarcSubfield">
            <summary>
            MARC 子字段节点
            </summary>
        </member>
        <member name="P:DigitalPlatform.Marc.MarcSubfield.DefaultFieldName">
            <summary>
            缺省的子字段名。当没有指定子字段名的时候，会自动用这个值来填充
            </summary>
        </member>
        <member name="M:DigitalPlatform.Marc.MarcSubfield.#ctor">
            <summary>
            初始化一个 MarcSubfield 对象
            </summary>
        </member>
        <member name="M:DigitalPlatform.Marc.MarcSubfield.#ctor(System.String)">
            <summary>
            初始化一个 MarcSubfield 对象，并根据指定的字符串设置好全部内容
            </summary>
            <param name="strText">表示一个完整的 MARC 子字段的 MARC 机内格式字符串。第一字符可以为 ASCII 31，也可以为子字段名字符</param>
        </member>
        <member name="M:DigitalPlatform.Marc.MarcSubfield.#ctor(System.String,System.String)">
            <summary>
            初始化一个 MarcSubfield 对象，并根据指定的字符串设置好全部内容
            </summary>
            <param name="strName">子字段名。一个字符</param>
            <param name="strContent">子字段正文</param>
        </member>
        <member name="P:DigitalPlatform.Marc.MarcSubfield.Text">
            <summary>
            当前节点的全部文字。表现了一个完整的 MARC 子字段
            </summary>
        </member>
        <member name="P:DigitalPlatform.Marc.MarcSubfield.Name">
            <summary>
            子字段名。一字符
            </summary>
        </member>
        <member name="P:DigitalPlatform.Marc.MarcSubfield.Content">
            <summary>
            子字段正文。即子字段名以后的全部内容
            </summary>
        </member>
        <member name="M:DigitalPlatform.Marc.MarcSubfield.dump">
            <summary>
            输出当前对象的调试用字符串
            </summary>
            <returns>表示内容的字符串</returns>
        </member>
        <member name="M:DigitalPlatform.Marc.MarcSubfield.clone">
            <summary>
            创建一个新的 MarcSubfield 节点对象，从当前对象复制出全部内容
            </summary>
            <returns>新的节点对象</returns>
        </member>
        <member name="T:DigitalPlatform.Marc.ChildNodeList">
            <summary>
            专用于存储下级节点的集合类
            <para></para>
            </summary>
            <remarks>
            继承 MarcNodeList 类而来，完善了 add() 方法，能自动把每个元素的 Parent 成员设置好
            </remarks>
        </member>
        <member name="M:DigitalPlatform.Marc.ChildNodeList.add(DigitalPlatform.Marc.MarcNode)">
            <summary>
            在当前集合末尾追加一个节点元素
            </summary>
            <param name="node">要追加的节点</param>
        </member>
        <member name="M:DigitalPlatform.Marc.ChildNodeList.add(DigitalPlatform.Marc.MarcNodeList)">
            <summary>
            在当前集合末尾追加若干节点元素
            </summary>
            <param name="list">要追加的若干节点元素</param>
        </member>
        <member name="M:DigitalPlatform.Marc.ChildNodeList.insertSequence(DigitalPlatform.Marc.MarcNode,DigitalPlatform.Marc.InsertSequenceStyle,System.Collections.Generic.IComparer{DigitalPlatform.Marc.MarcNode})">
            <summary>
            向当前集合中添加一个节点元素，按节点名字顺序决定加入的位置
            </summary>
            <param name="node">要加入的节点</param>
            <param name="style">如何加入</param>
            <param name="comparer">用于比较大小的接口</param>
        </member>
        <member name="M:DigitalPlatform.Marc.ChildNodeList.clear">
            <summary>
            清除当前集合，并把集合中的元素全部摘除
            </summary>
        </member>
        <member name="T:DigitalPlatform.Marc.NodeType">
            <summary>
            节点类型
            </summary>
        </member>
        <member name="F:DigitalPlatform.Marc.NodeType.None">
            <summary>
            尚未确定
            </summary>
        </member>
        <member name="F:DigitalPlatform.Marc.NodeType.Record">
            <summary>
            记录
            </summary>
        </member>
        <member name="F:DigitalPlatform.Marc.NodeType.Field">
            <summary>
            字段
            </summary>
        </member>
        <member name="F:DigitalPlatform.Marc.NodeType.Subfield">
            <summary>
            子字段
            </summary>
        </member>
        <member name="T:DigitalPlatform.Marc.DumpStyle">
            <summary>
            dump()方法的操作风格
            </summary>
        </member>
        <member name="F:DigitalPlatform.Marc.DumpStyle.None">
            <summary>
            无
            </summary>
        </member>
        <member name="F:DigitalPlatform.Marc.DumpStyle.LineNumber">
            <summary>
            包含行号
            </summary>
        </member>
        <member name="T:DigitalPlatform.Marc.MarcHeader">
            <summary>
            MARC 记录的头标区
            </summary>
        </member>
        <member name="F:DigitalPlatform.Marc.MarcHeader.FixedLength">
            <summary>
            头标区所含字符数。固定为 24
            </summary>
        </member>
        <member name="P:DigitalPlatform.Marc.MarcHeader.Item(System.Int32,System.Int32)">
            <summary>
            获取或设置头标区中任意一段长度的子字符串
            </summary>
            <param name="nStart">开始位置</param>
            <param name="nLength">长度。如果为-1，表示尽可能多。本参数可以缺省，缺省值为1</param>
            <returns>nStart 和 nLength 参数所表示范围的字符串</returns>
        </member>
        <member name="M:DigitalPlatform.Marc.MarcHeader.ToString">
            <summary>
            获得表示整个头标区内容的字符串
            </summary>
            <returns>表示整个头标区内容的字符串</returns>
        </member>
        <member name="T:DigitalPlatform.Marc.MarcNodeList">
            <summary>
            MarcNode 集合
            </summary>
        </member>
        <member name="M:DigitalPlatform.Marc.MarcNodeList.#ctor">
            <summary>
            初始化一个 MarcNodeList 对象
            </summary>
        </member>
        <member name="M:DigitalPlatform.Marc.MarcNodeList.#ctor(DigitalPlatform.Marc.MarcNode)">
            <summary>
            初始化一个 MarcNodeList 对象，并填入一个 MarcNode 对象
            </summary>
            <param name="node">要填入的 MarcNode 对象。若本参数为 null，则初始化一个空的集合对象</param>
        </member>
        <member name="P:DigitalPlatform.Marc.MarcNodeList.count">
            <summary>
            当前集合中的元素个数
            </summary>
        </member>
        <member name="P:DigitalPlatform.Marc.MarcNodeList.length">
            <summary>
            当前集合中的元素个数
            </summary>
        </member>
        <member name="P:DigitalPlatform.Marc.MarcNodeList.Item(System.Int32)">
            <summary>
            根据下标存取集合的元素
            </summary>
            <param name="index">下标数字。从0开始计算</param>
            <returns>集合元素</returns>
        </member>
        <member name="M:DigitalPlatform.Marc.MarcNodeList.indexOf(DigitalPlatform.Marc.MarcNode)">
            <summary>
            获得一个元素在集合中的下标
            </summary>
            <param name="node">要探测的元素</param>
            <returns>下标。-1表示没有找到这个元素</returns>
        </member>
        <member name="M:DigitalPlatform.Marc.MarcNodeList.clone">
            <summary>
            根据当前集合复制出一个新的集合对象。本方法采取的是否深度复制策略，即新集合中的每个元素都是复制品
            </summary>
            <returns>新的集合</returns>
        </member>
        <member name="M:DigitalPlatform.Marc.MarcNodeList.remove">
            <summary>
            从当前集合中移走全部元素。注意，本函数并不修改所移走的元素的 Parent 成员。也就是说移走的元素并未完全被摘除
            </summary>
            <returns>已经被移走的全部元素</returns>
        </member>
        <member name="M:DigitalPlatform.Marc.MarcNodeList.add(DigitalPlatform.Marc.MarcNode)">
            <summary>
            在当前集合末尾添加一个元素
            </summary>
            <param name="node">要添加的元素</param>
            <returns>添加元素后的当前集合</returns>
        </member>
        <member name="M:DigitalPlatform.Marc.MarcNodeList.add(DigitalPlatform.Marc.MarcNodeList)">
            <summary>
            在当前集合末尾添加若干元素
            </summary>
            <param name="nodes">要添加的若干元素</param>
            <returns>添加元素后的当前集合</returns>
        </member>
        <member name="M:DigitalPlatform.Marc.MarcNodeList.removeAt(System.Int32)">
            <summary>
            从指定下标位置移走一个元素
            </summary>
            <param name="index">要移走对象的下标</param>
            <returns>被移走的一个元素(所构成的新集合)</returns>
        </member>
        <member name="M:DigitalPlatform.Marc.MarcNodeList.remove(DigitalPlatform.Marc.MarcNode)">
            <summary>
            从当前集合中移走指定的元素
            </summary>
            <param name="node">要移走的元素</param>
            <returns>被移走的一个元素(所构成的新集合)</returns>
        </member>
        <member name="M:DigitalPlatform.Marc.MarcNodeList.insert(System.Int32,DigitalPlatform.Marc.MarcNode)">
            <summary>
            在当前集合指定的下标位置插入一个元素
            </summary>
            <param name="index">插入点的下标</param>
            <param name="node">要插入的元素</param>
            <returns>插入了新元素后的当前集合</returns>
        </member>
        <member name="M:DigitalPlatform.Marc.MarcNodeList.clear">
            <summary>
            清除当前集合中的全部元素
            </summary>
        </member>
        <member name="M:DigitalPlatform.Marc.MarcNodeList.insertSequence(DigitalPlatform.Marc.MarcNode,DigitalPlatform.Marc.InsertSequenceStyle,System.Collections.Generic.IComparer{DigitalPlatform.Marc.MarcNode})">
            <summary>
            向当前集合中添加一个节点元素，按节点名字顺序决定加入的位置
            </summary>
            <param name="node">要加入的节点</param>
            <param name="style">如何加入</param>
            <param name="comparer">用于比较大小的接口</param>
        </member>
        <member name="M:DigitalPlatform.Marc.MarcNodeList.sort">
            <summary>
            对集合进行排序。按照节点名升序排序
            </summary>
            <returns>排序后的当前集合</returns>
        </member>
        <member name="M:DigitalPlatform.Marc.MarcNodeList.sort(System.Collections.Generic.IComparer{DigitalPlatform.Marc.MarcNode})">
            <summary>
            对集合进行排序
            </summary>
            <param name="comparer">排序接口</param>
            <returns>排序后的当前集合</returns>
        </member>
        <member name="M:DigitalPlatform.Marc.MarcNodeList.sort(System.Comparison{DigitalPlatform.Marc.MarcNode})">
            <summary>
            对集合进行排序
            </summary>
            <param name="comparison">排序接口</param>
            <returns>排序后的当前集合</returns>
        </member>
        <member name="M:DigitalPlatform.Marc.MarcNodeList.first">
            <summary>
            获得当前集合的第一个元素
            </summary>
            <returns>当前集合的第一个元素(所构成的一个新集合)</returns>
        </member>
        <member name="M:DigitalPlatform.Marc.MarcNodeList.last">
            <summary>
            获得当前集合的最后一个元素
            </summary>
            <returns>当前集合的最后一个元素(所构成的一个新集合)</returns>
        </member>
        <member name="M:DigitalPlatform.Marc.MarcNodeList.getAt(System.Int32)">
            <summary>
            获得指定下标位置的元素
            </summary>
            <param name="index">下标</param>
            <returns>指定的元素(所构成的一个新集合)</returns>
        </member>
        <member name="M:DigitalPlatform.Marc.MarcNodeList.getAt(System.Int32,System.Int32)">
            <summary>
            获得当前集合中一段范围的元素
            </summary>
            <param name="index">起点下标</param>
            <param name="length">个数</param>
            <returns>指定的元素(所构成的一个新集合)</returns>
        </member>
        <member name="P:DigitalPlatform.Marc.MarcNodeList.FirstName">
            <summary>
            获得当前集合中第一个元素的 Name 值
            </summary>
        </member>
        <member name="P:DigitalPlatform.Marc.MarcNodeList.FirstIndicator">
            <summary>
            获得当前集合中第一个元素的 Indicator 值
            </summary>
        </member>
        <member name="P:DigitalPlatform.Marc.MarcNodeList.FirstIndicator1">
            <summary>
            获得当前集合中中第一个元素的 Indicator1 值
            </summary>
        </member>
        <member name="P:DigitalPlatform.Marc.MarcNodeList.FirstIndicator2">
            <summary>
            获得当前集合的第一个元素的 Indicator2 值
            </summary>
        </member>
        <member name="P:DigitalPlatform.Marc.MarcNodeList.FirstContent">
            <summary>
            获得当前集合中第一个元素的 Content 值
            </summary>
        </member>
        <member name="P:DigitalPlatform.Marc.MarcNodeList.FirstText">
            <summary>
            获得当前集合第一个元素的 Text 值
            </summary>
        </member>
        <member name="P:DigitalPlatform.Marc.MarcNodeList.AllText">
            <summary>
            获得当前集合中全部元素的 Text 值所连接起来的一个字符串值
            </summary>
        </member>
        <member name="P:DigitalPlatform.Marc.MarcNodeList.FirstLeading">
            <summary>
            获得当前集合中第一个 MarcField 类型元素的 Leading 值。注意，只有 MarcField 类型的节点才有 Leading 值。
            </summary>
        </member>
        <member name="P:DigitalPlatform.Marc.MarcNodeList.FirstChild">
            <summary>
            获得当前集合中所有元素的第一个下级元素。注意这是一个集合
            </summary>
        </member>
        <member name="P:DigitalPlatform.Marc.MarcNodeList.LastChild">
            <summary>
            获得当前集合中所有元素的最后一个下级元素。注意这是一个集合
            </summary>
        </member>
        <member name="P:DigitalPlatform.Marc.MarcNodeList.Name">
            <summary>
            修改当前集合中的每个元素的 Name 值
            </summary>
        </member>
        <member name="P:DigitalPlatform.Marc.MarcNodeList.Indicator">
            <summary>
            修改当前集合中每个元素的 Indicator 值
            </summary>
        </member>
        <member name="P:DigitalPlatform.Marc.MarcNodeList.Indicator1">
            <summary>
            修改当前集合中每个元素的 Indicator1 值
            </summary>
        </member>
        <member name="P:DigitalPlatform.Marc.MarcNodeList.Indicator2">
            <summary>
            修改当前集合中每个元素的 Indicator2 值
            </summary>
        </member>
        <member name="P:DigitalPlatform.Marc.MarcNodeList.Content">
            <summary>
            修改当前集合中每个元素的 Content 值
            </summary>
        </member>
        <member name="P:DigitalPlatform.Marc.MarcNodeList.Text">
            <summary>
            修改当前集合中每个元素的 Text 值
            </summary>
        </member>
        <member name="P:DigitalPlatform.Marc.MarcNodeList.Leading">
            <summary>
            修改当前集合中每个 MarcField 类型的元素的 Leading 值
            </summary>
        </member>
        <member name="M:DigitalPlatform.Marc.MarcNodeList.before(DigitalPlatform.Marc.MarcNodeList)">
            <summary>
            在当前集合中每个元素的 DOM 位置前面插入指定的源集合内的元素
            </summary>
            <param name="source_nodes">源集合</param>
            <returns>当前集合</returns>
        </member>
        <member name="M:DigitalPlatform.Marc.MarcNodeList.before(System.String)">
            <summary>
            在当前集合中每个元素的 DOM 位置前面插入新元素，新元素由指定的源字符串构造
            </summary>
            <param name="strSourceText">源字符串</param>
            <returns>当前集合</returns>
        </member>
        <member name="M:DigitalPlatform.Marc.MarcNodeList.after(DigitalPlatform.Marc.MarcNodeList)">
            <summary>
            在当前集合中每个元素的 DOM 位置后面插入指定的源集合内的元素
            </summary>
            <param name="source_nodes">源集合</param>
            <returns>当前集合</returns>
        </member>
        <member name="M:DigitalPlatform.Marc.MarcNodeList.after(System.String)">
            <summary>
            在当前集合中每个元素的 DOM 位置后面插入新元素，新元素由指定的源字符串构造
            </summary>
            <param name="strSourceText">源字符串</param>
            <returns>当前集合</returns>
        </member>
        <member name="M:DigitalPlatform.Marc.MarcNodeList.insertBefore(DigitalPlatform.Marc.MarcNodeList)">
            <summary>
            将当前集合中的每个元素插入到指定的目标集合的每个元素的 DOM 位置前面
            </summary>
            <param name="target_nodes">目标集合</param>
            <returns>当前集合</returns>
        </member>
        <member name="M:DigitalPlatform.Marc.MarcNodeList.insertAfter(DigitalPlatform.Marc.MarcNodeList)">
            <summary>
            将当前集合中的每个元素插入到指定的目标集合的每个元素的 DOM 位置后面
            </summary>
            <param name="target_nodes">目标集合</param>
            <returns>当前集合</returns>
        </member>
        <member name="M:DigitalPlatform.Marc.MarcNodeList.append(DigitalPlatform.Marc.MarcNodeList)">
            <summary>
            在当前集合中每个元素的 DOM 位置的下级末尾 追加来自源集合内的元素
            </summary>
            <param name="source_nodes">源集合</param>
            <returns>当前集合</returns>
        </member>
        <member name="M:DigitalPlatform.Marc.MarcNodeList.append(System.String)">
            <summary>
            在当前集合中每个元素的 DOM 位置的下级末尾 追加根据源字符串构造的新元素
            </summary>
            <param name="strSourceText">源字符串</param>
            <returns>当前集合</returns>
        </member>
        <member name="M:DigitalPlatform.Marc.MarcNodeList.appendTo(DigitalPlatform.Marc.MarcNodeList)">
            <summary>
            将当前集合内的每个元素追加到指定的目标集合的 DOM 位置下级末尾
            </summary>
            <param name="target_nodes">目标集合</param>
            <returns>当前集合</returns>
        </member>
        <member name="M:DigitalPlatform.Marc.MarcNodeList.prepend(DigitalPlatform.Marc.MarcNodeList)">
            <summary>
            在当前集合的每个元素的 DOM 位置的下级开头插入源集合内的元素
            </summary>
            <param name="source_nodes">源集合</param>
            <returns>当前集合</returns>
        </member>
        <member name="M:DigitalPlatform.Marc.MarcNodeList.prepend(System.String)">
            <summary>
            在当前集合的每个元素的 DOM 位置的下级开头插入根据指定的源字符串构造的新元素
            </summary>
            <param name="strSourceText">源字符串</param>
            <returns>当前集合</returns>
        </member>
        <member name="M:DigitalPlatform.Marc.MarcNodeList.prependTo(DigitalPlatform.Marc.MarcNodeList)">
            <summary>
            将当前集合内的全部元素插入到指定的目标集合的 DOM 位置下级开头
            </summary>
            <param name="target_nodes">目标集合</param>
            <returns>当前集合</returns>
        </member>
        <member name="M:DigitalPlatform.Marc.MarcNodeList.detach">
            <summary>
            把当前集合内的每个元素从 DOM 位置摘除
            </summary>
            <returns>当前集合</returns>
        </member>
        <member name="M:DigitalPlatform.Marc.MarcNodeList.select(System.String)">
            <summary>
            针对当前集合中的全部元素进行 XPath 选择
            </summary>
            <param name="strXPath">XPath字符串</param>
            <returns>选中的元素所构成的新集合</returns>
        </member>
        <member name="M:DigitalPlatform.Marc.MarcNodeList.select(System.String,System.Int32)">
            <summary>
            针对当前集合中的全部元素进行 XPath 选择
            </summary>
            <param name="strXPath">XPath字符串</param>
            <param name="nMaxCount">限制命中的最大元素个数。如果为 -1，表示不限制</param>
            <returns>选中的元素所构成的新集合</returns>
        </member>
        <member name="M:DigitalPlatform.Marc.MarcNodeList.dump(DigitalPlatform.Marc.DumpStyle)">
            <summary>
            输出当前对象的调试用字符串
            </summary>
            <param name="style">输出的风格</param>
            <returns>表示内容的字符串</returns>
        </member>
        <member name="T:DigitalPlatform.Marc.InsertSequenceStyle">
            <summary>
            插入数组操作时的细节特性
            </summary>
        </member>
        <member name="F:DigitalPlatform.Marc.InsertSequenceStyle.None">
            <summary>
            无
            </summary>
        </member>
        <member name="F:DigitalPlatform.Marc.InsertSequenceStyle.PreferHead">
            <summary>
            如果名字相等，倾向于插入前方
            </summary>
        </member>
        <member name="F:DigitalPlatform.Marc.InsertSequenceStyle.PreferTail">
            <summary>
            如果名字相等，倾向于插入后方
            </summary>
        </member>
        <member name="T:DigitalPlatform.Marc.NamespaceDoc">
            <summary>
            MARC 格式数据处理
            </summary>
        </member>
        <member name="T:DigitalPlatform.Marc.MarcQuery">
            <summary>
            MarcQuery 函数库的一些全局属性和方法
            </summary>
        </member>
        <member name="F:DigitalPlatform.Marc.MarcQuery.SUBFLD">
            <summary>
            MARC 子字段符号
            </summary>
        </member>
        <member name="F:DigitalPlatform.Marc.MarcQuery.FLDEND">
            <summary>
            MARC 字段结束符
            </summary>
        </member>
        <member name="F:DigitalPlatform.Marc.MarcQuery.RECEND">
            <summary>
            MARC 记录结束符
            </summary>
        </member>
        <member name="F:DigitalPlatform.Marc.MarcQuery.DefaultChar">
            <summary>
            缺省字符
            </summary>
        </member>
        <member name="M:DigitalPlatform.Marc.MarcQuery.createInnerFields(System.String,System.String@)">
            <summary>
            根据机内格式 MARC 字符串，创建若干 MarcInnerField 对象
            </summary>
            <param name="strText">MARC 机内格式字符串。代表内嵌字段的那个局部。例如 "$1200  $axxxx$fxxxx$1225  $axxxx"</param>
            <param name="strLeadingString">返回引导字符串。也就是第一个子字段符号前的部分</param>
            <returns>新创建的 MarcInnerField 对象数组</returns>
        </member>
        <member name="M:DigitalPlatform.Marc.MarcQuery.createFields(System.String,System.String)">
            <summary>
            根据机内格式 MARC 字符串，创建若干 MarcField (或 MarcOuterField) 对象
            </summary>
            <param name="strText">MARC 机内格式字符串</param>
            <param name="strOuterFieldDef">嵌套字段的定义。缺省为 null，表示不使用嵌套字段。这是一个列举字段名的逗号间隔的列表('*'为通配符)，或者 '@' 字符后面携带一个正则表达式</param>
            <returns>新创建的 MarcField 对象集合</returns>
        </member>
        <member name="M:DigitalPlatform.Marc.MarcQuery.createFields(System.Char,System.Char,System.String,System.String)">
            <summary>
            根据机内格式 MARC 字符串，创建若干 MarcField 对象
            </summary>
            <param name="chSubfield">子字段符号代用符号</param>
            <param name="chFieldEnd">字段结束符代用符号</param>
            <param name="strText">MARC 机内格式字符串</param>
            <param name="strOuterFieldDef">嵌套字段的定义。缺省为 null，表示不使用嵌套字段。这是一个列举字段名的逗号间隔的列表('*'为通配符)，或者 '@' 字符后面携带一个正则表达式</param>
            <returns>新创建的 MarcField 对象集合</returns>
        </member>
        <member name="M:DigitalPlatform.Marc.MarcQuery.createSubfields(System.String,System.String@)">
            <summary>
            根据机内格式 MARC 字符串，创建若干 MarcSubfield 对象
            </summary>
            <param name="strText">MARC 机内格式字符串</param>
            <param name="strLeadingString">返回前导部分字符串。也就是 strText 中第一个子字段符号以前的部分</param>
            <returns>新创建的 MarcSubfield 对象集合</returns>
        </member>
        <member name="M:DigitalPlatform.Marc.MarcQuery.createSubfields(System.Char,System.String,System.String@)">
            <summary>
            根据机内格式 MARC 字符串，创建若干 MarcSubfield 对象
            </summary>
            <param name="chSubfield">子字段符号的代用符号</param>
            <param name="strText">MARC 机内格式字符串</param>
            <param name="strLeadingString">返回前导部分字符串。也就是 strText 中第一个子字段符号以前的部分</param>
            <returns>新创建的 MarcSubfield 对象集合</returns>
        </member>
        <member name="M:DigitalPlatform.Marc.MarcQuery.insertBefore(DigitalPlatform.Marc.MarcNodeList,DigitalPlatform.Marc.MarcNodeList)">
            <summary>
            在目标集合中每个元素的 DOM 位置前面(同级)插入源集合内的元素
            </summary>
            <param name="source_nodes">源集合</param>
            <param name="target_nodes">目标集合</param>
        </member>
        <member name="M:DigitalPlatform.Marc.MarcQuery.insertAfter(DigitalPlatform.Marc.MarcNodeList,DigitalPlatform.Marc.MarcNodeList)">
            <summary>
            在目标集合中每个元素的 DOM 位置后面(同级)插入源集合内的元素
            </summary>
            <param name="source_nodes">源集合</param>
            <param name="target_nodes">目标集合</param>
        </member>
        <member name="M:DigitalPlatform.Marc.MarcQuery.append(DigitalPlatform.Marc.MarcNodeList,DigitalPlatform.Marc.MarcNodeList)">
            <summary>
            在目标集合中每个元素的DOM位置 下级末尾 追加源集合内的元素
            </summary>
            <param name="source_nodes">源集合</param>
            <param name="target_nodes">目标集合</param>
        </member>
        <member name="M:DigitalPlatform.Marc.MarcQuery.prepend(DigitalPlatform.Marc.MarcNodeList,DigitalPlatform.Marc.MarcNodeList)">
            <summary>
            在目标集合中每个元素的 DOM 位置下级开头插入源集合内的元素
            </summary>
            <param name="source_nodes">源集合</param>
            <param name="target_nodes">目标集合</param>
        </member>
        <member name="M:DigitalPlatform.Marc.MarcQuery.ToParallel(DigitalPlatform.Marc.MarcRecord)">
            <summary>
            将 USMARC 记录从 880 模式转换为 平行模式
            </summary>
            <param name="record">要处理的记录</param>
        </member>
        <member name="M:DigitalPlatform.Marc.MarcQuery.To880(DigitalPlatform.Marc.MarcRecord)">
            <summary>
            将 USMARC 记录从 平行模式转换为 880 模式
            </summary>
            <param name="record">要处理的记录</param>
        </member>
        <member name="T:DigitalPlatform.Marc.MarcQuery.Delegate_getPinyin">
            <summary>
            获得拼音字符串
            </summary>
            <param name="strHanzi">汉字字符串</param>
            <param name="strError">返回出错信息</param>
            <returns>返回拼音字符串。如果为 null，表示出错了，strError 中有出错信息</returns>
        </member>
        <member name="M:DigitalPlatform.Marc.MarcQuery.CreateParallelField(DigitalPlatform.Marc.MarcField,System.Boolean,DigitalPlatform.Marc.MarcQuery.Delegate_getPinyin,System.String@)">
            <summary>
            创建平行字段
            </summary>
            <param name="field">要创建平行字段的，包含汉字字符串的源字段</param>
            <param name="bTo880">将 field 字段名转为 880</param>
            <param name="getPinyin">获得拼音的函数地址</param>
            <param name="strError">返回出错信息</param>
            <returns>-1: 出错; 0: 成功; 1: field 不是中文的字段($6表示)，无法创建平行字段</returns>
        </member>
        <member name="M:DigitalPlatform.Marc.MarcQuery.PositionField880s(DigitalPlatform.Marc.MarcRecord)">
            <summary>
            把记录中的 880 字段聚集在一起
            </summary>
            <param name="record">MARC 记录</param>
        </member>
        <member name="M:DigitalPlatform.Marc.MarcQuery.PunctuationMarc21(DigitalPlatform.Marc.MarcRecord,System.String)">
            <summary>
            给 MARC21 的若干子字段添加正确的标点符号
            </summary>
            <param name="record">MARC 记录</param>
            <param name="strStyle">风格</param>
            <returns>记录是否发生了修改</returns>
        </member>
        <member name="M:DigitalPlatform.Marc.MarcQuery.PunctuationMarc21Field245(DigitalPlatform.Marc.MarcField,System.String)">
            <summary>
            给 MARC21 记录中 245 字段内的子字段添加正确的标点符号
            </summary>
            <param name="field">MARC 字段</param>
            <param name="strStyle">风格</param>
            <returns>记录是否发生了修改</returns>
        </member>
        <member name="M:DigitalPlatform.Marc.MarcQuery.TrimEndChar(System.String,System.String)">
            <summary>
            
            </summary>
            <param name="strText"></param>
            <param name="strDelimeters"></param>
            <returns></returns>
        </member>
        <member name="T:DigitalPlatform.Marc.NaviItemType">
            <summary>
            NaviItem对象的类型
            </summary>
        </member>
        <member name="F:DigitalPlatform.Marc.NaviItemType.None">
            <summary>
            无
            </summary>
        </member>
        <member name="F:DigitalPlatform.Marc.NaviItemType.VirtualRoot">
            <summary>
            虚拟根
            </summary>
        </member>
        <member name="F:DigitalPlatform.Marc.NaviItemType.Element">
            <summary>
            元素
            </summary>
        </member>
        <member name="F:DigitalPlatform.Marc.NaviItemType.Attribute">
            <summary>
            属性
            </summary>
        </member>
        <member name="F:DigitalPlatform.Marc.NaviItemType.Text">
            <summary>
            文本
            </summary>
        </member>
        <member name="T:DigitalPlatform.Marc.NaviItem">
            <summary>
            专门用于 Navigation 的节点
            </summary>
        </member>
        <member name="F:DigitalPlatform.Marc.NaviItem.Type">
            <summary>
            节点类型
            </summary>
        </member>
        <member name="F:DigitalPlatform.Marc.NaviItem.MarcNode">
            <summary>
            相关的 MarcNode 节点
            </summary>
        </member>
        <member name="F:DigitalPlatform.Marc.NaviItem.AttrName">
            <summary>
            当前属性名
            </summary>
        </member>
        <member name="F:DigitalPlatform.Marc.NaviItem.Text">
            <summary>
            当前文本值
            </summary>
        </member>
        <member name="M:DigitalPlatform.Marc.NaviItem.#ctor(DigitalPlatform.Marc.NaviItem)">
            <summary>
            初始化一个 NaviItem 对象
            </summary>
            <param name="other">复制时参考的对象</param>
        </member>
        <member name="M:DigitalPlatform.Marc.NaviItem.#ctor(DigitalPlatform.Marc.MarcNode,DigitalPlatform.Marc.NaviItemType)">
            <summary>
            初始化一个 NaviItem 对象
            </summary>
            <param name="node">要关联的 MarcNode 节点</param>
            <param name="type">要初始化的对象的类型</param>
        </member>
        <member name="P:DigitalPlatform.Marc.NaviItem.Name">
            <summary>
            名字
            </summary>
        </member>
        <member name="P:DigitalPlatform.Marc.NaviItem.Value">
            <summary>
            值
            </summary>
        </member>
        <member name="P:DigitalPlatform.Marc.NaviItem.HasAttributes">
            <summary>
            是否具有属性?
            </summary>
        </member>
        <member name="M:DigitalPlatform.Marc.NaviItem.GetAttrValue(System.String)">
            <summary>
            获得一个属性值
            </summary>
            <param name="strAttrName">属性名</param>
            <returns>属性值</returns>
        </member>
        <member name="P:DigitalPlatform.Marc.NaviItem.FirstAttrName">
            <summary>
            第一个属性值
            </summary>
        </member>
        <member name="M:DigitalPlatform.Marc.NaviItem.ExistAttr(System.String)">
            <summary>
            是否存在指定的属性
            </summary>
            <param name="strAttrName">属性名</param>
            <returns>true表示存在，false表示不存在</returns>
        </member>
        <member name="M:DigitalPlatform.Marc.NaviItem.GetNextAttrName(System.String)">
            <summary>
            获得下一个属性名
            </summary>
            <param name="strAttrName">当前属性名</param>
            <returns>下一个属性名</returns>
        </member>
        <member name="M:DigitalPlatform.Marc.NaviItem.GetPrevAttrName(System.String)">
            <summary>
            获得上一个属性名
            </summary>
            <param name="strAttrName">当前属性名</param>
            <returns>上一个属性名</returns>
        </member>
        <member name="P:DigitalPlatform.Marc.NaviItem.LastAttrName">
            <summary>
            最后一个属性名
            </summary>
        </member>
        <member name="M:DigitalPlatform.Marc.NaviItem.GetPath">
            <summary>
            获得表示当前节点的 DOM 位置的路径字符串
            </summary>
            <returns>路径字符串</returns>
        </member>
    </members>
</doc>
